<?xml version="1.0" encoding="UTF-8"?>
<GenRun Id="mips_dff_25_0_synth_1" LaunchPart="xc7z020clg400-1" LaunchTime="1651332589">
  <File Type="PA-TCL" Name="mips_dff_25_0.tcl"/>
  <File Type="REPORTS-TCL" Name="mips_dff_25_0_reports.tcl"/>
  <File Type="RDS-RDS" Name="mips_dff_25_0.vds"/>
  <File Type="RDS-UTIL" Name="mips_dff_25_0_utilization_synth.rpt"/>
  <File Type="RDS-UTIL-PB" Name="mips_dff_25_0_utilization_synth.pb"/>
  <File Type="RDS-DCP" Name="mips_dff_25_0.dcp"/>
  <FileSet Name="sources" Type="BlockSrcs" RelSrcDir="$PSRCDIR/mips_dff_25_0">
    <File Path="$PSRCDIR/sources_1/bd/mips/ip/mips_dff_25_0/mips_dff_25_0.xci">
      <FileInfo>
        <Attr Name="Library" Val="xil_defaultlib"/>
        <Attr Name="ImportPath" Val="$PPRDIR/../../Mini Project/mips/mips/mips.srcs/sources_1/bd/mips/ip/mips_dff_25_0/mips_dff_25_0.xci"/>
        <Attr Name="ImportTime" Val="0"/>
        <Attr Name="UsedIn" Val="synthesis"/>
        <Attr Name="UsedIn" Val="implementation"/>
        <Attr Name="UsedIn" Val="simulation"/>
      </FileInfo>
    </File>
    <Config>
      <Option Name="TopModule" Val="mips_dff_25_0"/>
      <Option Name="UseBlackboxStub" Val="1"/>
    </Config>
  </FileSet>
  <FileSet Name="constrs_in" Type="BlockSrcs" RelSrcDir="$PSRCDIR/mips_dff_25_0">
    <File Path="$PSRCDIR/sources_1/bd/mips/ip/mips_dff_25_0/mips_dff_25_0.xci">
      <FileInfo>
        <Attr Name="Library" Val="xil_defaultlib"/>
        <Attr Name="ImportPath" Val="$PPRDIR/../../Mini Project/mips/mips/mips.srcs/sources_1/bd/mips/ip/mips_dff_25_0/mips_dff_25_0.xci"/>
        <Attr Name="ImportTime" Val="0"/>
        <Attr Name="UsedIn" Val="synthesis"/>
        <Attr Name="UsedIn" Val="implementation"/>
        <Attr Name="UsedIn" Val="simulation"/>
      </FileInfo>
    </File>
    <Config>
      <Option Name="TopModule" Val="mips_dff_25_0"/>
      <Option Name="UseBlackboxStub" Val="1"/>
    </Config>
  </FileSet>
  <FileSet Name="utils" Type="Utils" RelSrcDir="$PSRCDIR/utils_1">
    <Filter Type="Utils"/>
    <Config>
      <Option Name="TopAutoSet" Val="TRUE"/>
    </Config>
  </FileSet>
  <Strategy Version="1" Minor="2">
    <StratHandle Name="Vivado Synthesis Defaults" Flow="Vivado Synthesis 2020"/>
    <Step Id="synth_design"/>
  </Strategy>
</GenRun>
