<?xml version="1.0" encoding="UTF-8"?>
<GenRun Id="mips_adder_1_1_synth_1" LaunchPart="xc7z020clg400-1" LaunchTime="1651332553">
  <File Type="PA-TCL" Name="mips_adder_1_1.tcl"/>
  <File Type="REPORTS-TCL" Name="mips_adder_1_1_reports.tcl"/>
  <File Type="RDS-RDS" Name="mips_adder_1_1.vds"/>
  <File Type="RDS-UTIL" Name="mips_adder_1_1_utilization_synth.rpt"/>
  <File Type="RDS-UTIL-PB" Name="mips_adder_1_1_utilization_synth.pb"/>
  <File Type="RDS-DCP" Name="mips_adder_1_1.dcp"/>
  <FileSet Name="sources" Type="BlockSrcs" RelSrcDir="$PSRCDIR/mips_adder_1_1">
    <File Path="$PSRCDIR/sources_1/bd/mips/ip/mips_adder_1_1/mips_adder_1_1.xci">
      <FileInfo>
        <Attr Name="Library" Val="xil_defaultlib"/>
        <Attr Name="ImportPath" Val="$PPRDIR/../../Mini Project/mips/mips/mips.srcs/sources_1/bd/mips/ip/mips_adder_1_1/mips_adder_1_1.xci"/>
        <Attr Name="ImportTime" Val="0"/>
        <Attr Name="UsedIn" Val="synthesis"/>
        <Attr Name="UsedIn" Val="implementation"/>
        <Attr Name="UsedIn" Val="simulation"/>
      </FileInfo>
    </File>
    <Config>
      <Option Name="TopModule" Val="mips_adder_1_1"/>
      <Option Name="UseBlackboxStub" Val="1"/>
    </Config>
  </FileSet>
  <FileSet Name="constrs_in" Type="BlockSrcs" RelSrcDir="$PSRCDIR/mips_adder_1_1">
    <File Path="$PSRCDIR/sources_1/bd/mips/ip/mips_adder_1_1/mips_adder_1_1.xci">
      <FileInfo>
        <Attr Name="Library" Val="xil_defaultlib"/>
        <Attr Name="ImportPath" Val="$PPRDIR/../../Mini Project/mips/mips/mips.srcs/sources_1/bd/mips/ip/mips_adder_1_1/mips_adder_1_1.xci"/>
        <Attr Name="ImportTime" Val="0"/>
        <Attr Name="UsedIn" Val="synthesis"/>
        <Attr Name="UsedIn" Val="implementation"/>
        <Attr Name="UsedIn" Val="simulation"/>
      </FileInfo>
    </File>
    <Config>
      <Option Name="TopModule" Val="mips_adder_1_1"/>
      <Option Name="UseBlackboxStub" Val="1"/>
    </Config>
  </FileSet>
  <FileSet Name="utils" Type="Utils" RelSrcDir="$PSRCDIR/utils_1">
    <Filter Type="Utils"/>
    <Config>
      <Option Name="TopAutoSet" Val="TRUE"/>
    </Config>
  </FileSet>
  <Strategy Version="1" Minor="2">
    <StratHandle Name="Vivado Synthesis Defaults" Flow="Vivado Synthesis 2020"/>
    <Step Id="synth_design"/>
  </Strategy>
</GenRun>
